seqnames,start,end,width,strand,originally,replacement,type,read_id,score,counts,readType
ID_1,108,127,20,+,"",AAAAAAAAAAAAAAAAAAAA,insertion,1,597,3,FALSE
ID_1,112,131,20,+,"",AAAAAAAAAAAAAAAAAAAA,insertion,2,557,2,FALSE
ID_1,42,107,66,+,"","",deletion,1,597,3,FALSE
ID_1,38,111,74,+,"","",deletion,2,557,2,FALSE
ID_1,24,173,150,+,"","",deletion,3,193,1,FALSE
ID_1,34,117,84,+,"","",deletion,4,532,1,FALSE
ID_1,31,31,1,+,A,G,mismatch,1,597,3,FALSE
ID_1,163,163,1,+,T,A,mismatch,1,597,3,FALSE
ID_1,31,31,1,+,A,G,mismatch,2,557,2,FALSE
ID_1,163,163,1,+,T,A,mismatch,2,557,2,FALSE
ID_1,23,23,1,+,T,G,mismatch,3,193,1,FALSE
ID_1,31,31,1,+,A,G,mismatch,4,532,1,FALSE
ID_1,171,171,1,+,G,A,mismatch,4,532,1,FALSE
ID_1,176,176,1,+,A,T,mismatch,3,193,1,FALSE
ID_1,177,177,1,+,G,C,mismatch,3,193,1,FALSE
ID_1,108,127,20,-,"",AAAAAAAAAAAAAAAAAAAA,insertion,1,597,3,FALSE
ID_1,112,131,20,-,"",AAAAAAAAAAAAAAAAAAAA,insertion,2,557,2,FALSE
ID_1,42,107,66,-,"","",deletion,1,597,3,FALSE
ID_1,38,111,74,-,"","",deletion,2,557,2,FALSE
ID_1,24,173,150,-,"","",deletion,3,193,1,FALSE
ID_1,34,117,84,-,"","",deletion,4,532,1,FALSE
ID_1,31,31,1,-,A,G,mismatch,1,597,3,FALSE
ID_1,163,163,1,-,T,A,mismatch,1,597,3,FALSE
ID_1,31,31,1,-,A,G,mismatch,2,557,2,FALSE
ID_1,163,163,1,-,T,A,mismatch,2,557,2,FALSE
ID_1,23,23,1,-,T,G,mismatch,3,193,1,FALSE
ID_1,31,31,1,-,A,G,mismatch,4,532,1,FALSE
ID_1,171,171,1,-,G,A,mismatch,4,532,1,FALSE
ID_1,176,176,1,-,A,T,mismatch,3,193,1,FALSE
ID_1,177,177,1,-,G,C,mismatch,3,193,1,FALSE
ID_2,115,127,13,-,"","",deletion,1,845,3,FALSE
ID_2,106,114,9,-,"","",deletion,2,865,2,FALSE
ID_2,101,105,5,-,"","",deletion,3,885,1,FALSE
ID_2,115,127,13,+,"","",deletion,1,845,3,FALSE
ID_2,106,114,9,+,"","",deletion,2,865,2,FALSE
ID_2,101,105,5,+,"","",deletion,3,885,1,FALSE
